Date,Stream,Income_USD
2025-10-20,Etsy Stationery,20.57
2025-10-20,Fiverr Design,22.21
2025-10-20,Printify Shop,22.5
2025-10-20,YouTube Ads,10.87
2025-10-20,Affiliate 1,11.39
2025-10-20,Affiliate 2,17.64
2025-10-20,E-book Sales,16.61
2025-10-20,Gumroad Store,22.99
2025-10-20,Stock Photos,16.73
2025-10-20,Templates Hub,24.26
2025-10-20,Course 1,18.14
2025-10-20,Course 2,11.91
2025-10-20,Course 3,11.74
2025-10-20,Job Automation #1,7.71
2025-10-20,Job Automation #2,19.17
2025-10-20,Digital Assets #1,8.6
2025-10-20,Digital Assets #2,15.11
2025-10-20,Consulting AI Bot,8.14
2025-10-20,VA Services USA,23.62
2025-10-20,VA Services EU,11.33
2025-10-20,VA Services India,6.47
2025-10-20,Passive Tools #1,22.49
2025-10-20,Passive Tools #2,8.06
2025-10-20,Passive Tools #3,23.62
2025-10-20,Marketing Bot #1,9.6
2025-10-20,Marketing Bot #2,28.81
2025-10-20,Stationery Exports,29.47
2025-10-20,Ad Revenue #1,17.05
2025-10-20,Ad Revenue #2,21.57
2025-10-20,Other Stream,10.04
